task_id,density_tier,budget,smt_coverage,random_coverage
HardSynthetic.HardCase001,high,4,0.2857,0.2857
HardSynthetic.HardCase001,high,8,0.4286,0.4286
HardSynthetic.HardCase001,high,16,0.8571,0.8571
HardSynthetic.HardCase001,high,32,1.1429,0.8571
HardSynthetic.HardCase001,high,64,1.1429,0.8571
HardSynthetic.HardCase002,medium,4,0.2857,0.4286
HardSynthetic.HardCase002,medium,8,0.4286,0.7143
HardSynthetic.HardCase002,medium,16,0.8571,0.5714
HardSynthetic.HardCase002,medium,32,1.1429,0.8571
HardSynthetic.HardCase002,medium,64,1.1429,0.8571
HardSynthetic.HardCase003,high,4,0.2857,0.2857
HardSynthetic.HardCase003,high,8,0.4286,0.4286
HardSynthetic.HardCase003,high,16,0.8571,0.5714
HardSynthetic.HardCase003,high,32,1.1429,0.8571
HardSynthetic.HardCase003,high,64,1.1429,0.8571
HardSynthetic.HardCase004,low,4,0.2857,0.2857
HardSynthetic.HardCase004,low,8,0.4286,0.4286
HardSynthetic.HardCase004,low,16,0.8571,0.5714
HardSynthetic.HardCase004,low,32,1.1429,0.7143
HardSynthetic.HardCase004,low,64,1.1429,0.7143
HardSynthetic.HardCase005,medium,4,0.2857,0.2857
HardSynthetic.HardCase005,medium,8,0.4286,0.5714
HardSynthetic.HardCase005,medium,16,0.8571,0.7143
HardSynthetic.HardCase005,medium,32,1.1429,0.8571
HardSynthetic.HardCase005,medium,64,1.1429,0.7143
HardSynthetic.HardCase006,high,4,0.2857,0.4286
HardSynthetic.HardCase006,high,8,0.4286,0.2857
HardSynthetic.HardCase006,high,16,0.8571,0.7143
HardSynthetic.HardCase006,high,32,1.1429,0.8571
HardSynthetic.HardCase006,high,64,1.1429,0.8571
HardSynthetic.HardCase007,medium,4,0.2857,0.2857
HardSynthetic.HardCase007,medium,8,0.4286,0.5714
HardSynthetic.HardCase007,medium,16,0.8571,0.8571
HardSynthetic.HardCase007,medium,32,1.1429,0.5714
HardSynthetic.HardCase007,medium,64,1.1429,0.8571
HardSynthetic.HardCase008,medium,4,0.2857,0.2857
HardSynthetic.HardCase008,medium,8,0.4286,0.4286
HardSynthetic.HardCase008,medium,16,0.8571,0.8571
HardSynthetic.HardCase008,medium,32,1.1429,0.8571
HardSynthetic.HardCase008,medium,64,1.1429,0.8571
HardSynthetic.HardCase009,high,4,0.2857,0.4286
HardSynthetic.HardCase009,high,8,0.4286,0.4286
HardSynthetic.HardCase009,high,16,0.8571,0.7143
HardSynthetic.HardCase009,high,32,1.1429,0.8571
HardSynthetic.HardCase009,high,64,1.1429,0.8571
HardSynthetic.HardCase010,low,4,0.2857,0.2857
HardSynthetic.HardCase010,low,8,0.4286,0.5714
HardSynthetic.HardCase010,low,16,0.8571,0.8571
HardSynthetic.HardCase010,low,32,1.1429,0.8571
HardSynthetic.HardCase010,low,64,1.1429,0.8571
HardSynthetic.HardCase011,high,4,0.2857,0.2857
HardSynthetic.HardCase011,high,8,0.4286,0.4286
HardSynthetic.HardCase011,high,16,0.8571,0.8571
HardSynthetic.HardCase011,high,32,1.1429,0.8571
HardSynthetic.HardCase011,high,64,1.1429,0.8571
HardSynthetic.HardCase012,high,4,0.2857,0.2857
HardSynthetic.HardCase012,high,8,0.4286,0.5714
HardSynthetic.HardCase012,high,16,0.8571,0.8571
HardSynthetic.HardCase012,high,32,1.1429,0.8571
HardSynthetic.HardCase012,high,64,1.1429,0.8571
HardSynthetic.HardCase013,low,4,0.2857,0.1429
HardSynthetic.HardCase013,low,8,0.4286,0.7143
HardSynthetic.HardCase013,low,16,0.8571,0.8571
HardSynthetic.HardCase013,low,32,1.1429,0.7143
HardSynthetic.HardCase013,low,64,1.1429,0.8571
HardSynthetic.HardCase014,low,4,0.2857,0.2857
HardSynthetic.HardCase014,low,8,0.4286,0.7143
HardSynthetic.HardCase014,low,16,0.8571,0.8571
HardSynthetic.HardCase014,low,32,1.1429,0.7143
HardSynthetic.HardCase014,low,64,1.1429,0.8571
HardSynthetic.HardCase015,high,4,0.2857,0.4286
HardSynthetic.HardCase015,high,8,0.4286,0.2857
HardSynthetic.HardCase015,high,16,0.8571,0.8571
HardSynthetic.HardCase015,high,32,1.1429,0.7143
HardSynthetic.HardCase015,high,64,1.1429,0.8571
HardSynthetic.HardCase016,medium,4,0.2857,0.4286
HardSynthetic.HardCase016,medium,8,0.4286,0.2857
HardSynthetic.HardCase016,medium,16,0.8571,0.5714
HardSynthetic.HardCase016,medium,32,1.1429,0.7143
HardSynthetic.HardCase016,medium,64,1.1429,0.8571
HardSynthetic.HardCase017,low,4,0.2857,0.4286
HardSynthetic.HardCase017,low,8,0.4286,0.4286
HardSynthetic.HardCase017,low,16,0.8571,0.7143
HardSynthetic.HardCase017,low,32,1.1429,1.0
HardSynthetic.HardCase017,low,64,1.1429,1.0
HardSynthetic.HardCase018,medium,4,0.2857,0.2857
HardSynthetic.HardCase018,medium,8,0.4286,0.2857
HardSynthetic.HardCase018,medium,16,0.8571,0.5714
HardSynthetic.HardCase018,medium,32,1.1429,0.8571
HardSynthetic.HardCase018,medium,64,1.1429,0.8571
HardSynthetic.HardCase019,high,4,0.2857,0.4286
HardSynthetic.HardCase019,high,8,0.4286,0.5714
HardSynthetic.HardCase019,high,16,0.8571,0.8571
HardSynthetic.HardCase019,high,32,1.1429,0.7143
HardSynthetic.HardCase019,high,64,1.1429,0.8571
HardSynthetic.HardCase020,medium,4,0.2857,0.4286
HardSynthetic.HardCase020,medium,8,0.4286,0.5714
HardSynthetic.HardCase020,medium,16,0.8571,0.7143
HardSynthetic.HardCase020,medium,32,1.1429,0.8571
HardSynthetic.HardCase020,medium,64,1.1429,0.8571
HardSynthetic.HardCase021,medium,4,0.2857,0.2857
HardSynthetic.HardCase021,medium,8,0.4286,0.2857
HardSynthetic.HardCase021,medium,16,0.8571,0.8571
HardSynthetic.HardCase021,medium,32,1.1429,0.8571
HardSynthetic.HardCase021,medium,64,1.1429,0.8571
HardSynthetic.HardCase022,low,4,0.2857,0.2857
HardSynthetic.HardCase022,low,8,0.4286,0.4286
HardSynthetic.HardCase022,low,16,0.8571,0.5714
HardSynthetic.HardCase022,low,32,1.1429,1.0
HardSynthetic.HardCase022,low,64,1.1429,1.0
HardSynthetic.HardCase023,medium,4,0.2857,0.2857
HardSynthetic.HardCase023,medium,8,0.4286,0.4286
HardSynthetic.HardCase023,medium,16,0.8571,0.7143
HardSynthetic.HardCase023,medium,32,1.1429,1.0
HardSynthetic.HardCase023,medium,64,1.1429,1.0
HardSynthetic.HardCase024,high,4,0.2857,0.2857
HardSynthetic.HardCase024,high,8,0.4286,0.5714
HardSynthetic.HardCase024,high,16,0.8571,0.5714
HardSynthetic.HardCase024,high,32,1.1429,0.8571
HardSynthetic.HardCase024,high,64,1.1429,0.7143
HardSynthetic.HardCase025,low,4,0.2857,0.2857
HardSynthetic.HardCase025,low,8,0.4286,0.4286
HardSynthetic.HardCase025,low,16,0.8571,0.5714
HardSynthetic.HardCase025,low,32,1.1429,0.8571
HardSynthetic.HardCase025,low,64,1.1429,0.8571
HardSynthetic.HardCase026,medium,4,0.2857,0.2857
HardSynthetic.HardCase026,medium,8,0.4286,0.5714
HardSynthetic.HardCase026,medium,16,0.8571,0.8571
HardSynthetic.HardCase026,medium,32,1.1429,0.8571
HardSynthetic.HardCase026,medium,64,1.1429,0.8571
HardSynthetic.HardCase027,medium,4,0.2857,0.2857
HardSynthetic.HardCase027,medium,8,0.4286,0.5714
HardSynthetic.HardCase027,medium,16,0.8571,0.7143
HardSynthetic.HardCase027,medium,32,1.1429,0.8571
HardSynthetic.HardCase027,medium,64,1.1429,0.8571
HardSynthetic.HardCase028,medium,4,0.2857,0.2857
HardSynthetic.HardCase028,medium,8,0.4286,0.2857
HardSynthetic.HardCase028,medium,16,0.8571,0.5714
HardSynthetic.HardCase028,medium,32,1.1429,0.5714
HardSynthetic.HardCase028,medium,64,1.1429,0.8571
HardSynthetic.HardCase029,low,4,0.2857,0.2857
HardSynthetic.HardCase029,low,8,0.4286,0.4286
HardSynthetic.HardCase029,low,16,0.8571,0.7143
HardSynthetic.HardCase029,low,32,1.1429,0.8571
HardSynthetic.HardCase029,low,64,1.1429,1.0
HardSynthetic.HardCase030,high,4,0.2857,0.4286
HardSynthetic.HardCase030,high,8,0.4286,0.5714
HardSynthetic.HardCase030,high,16,0.8571,0.8571
HardSynthetic.HardCase030,high,32,1.1429,0.7143
HardSynthetic.HardCase030,high,64,1.1429,0.8571
HardSynthetic.HardCase031,low,4,0.2857,0.2857
HardSynthetic.HardCase031,low,8,0.4286,0.5714
HardSynthetic.HardCase031,low,16,0.8571,0.7143
HardSynthetic.HardCase031,low,32,1.1429,0.8571
HardSynthetic.HardCase031,low,64,1.1429,0.8571
HardSynthetic.HardCase032,low,4,0.2857,0.2857
HardSynthetic.HardCase032,low,8,0.4286,0.5714
HardSynthetic.HardCase032,low,16,0.8571,0.7143
HardSynthetic.HardCase032,low,32,1.1429,0.5714
HardSynthetic.HardCase032,low,64,1.1429,0.8571
HardSynthetic.HardCase033,low,4,0.2857,0.2857
HardSynthetic.HardCase033,low,8,0.4286,0.5714
HardSynthetic.HardCase033,low,16,0.8571,1.0
HardSynthetic.HardCase033,low,32,1.1429,0.8571
HardSynthetic.HardCase033,low,64,1.1429,1.0
HardSynthetic.HardCase034,low,4,0.2857,0.2857
HardSynthetic.HardCase034,low,8,0.4286,0.5714
HardSynthetic.HardCase034,low,16,0.8571,0.7143
HardSynthetic.HardCase034,low,32,1.1429,0.8571
HardSynthetic.HardCase034,low,64,1.1429,0.8571
HardSynthetic.HardCase035,low,4,0.2857,0.2857
HardSynthetic.HardCase035,low,8,0.4286,0.5714
HardSynthetic.HardCase035,low,16,0.8571,0.8571
HardSynthetic.HardCase035,low,32,1.1429,0.7143
HardSynthetic.HardCase035,low,64,1.1429,1.0
HardSynthetic.HardCase036,high,4,0.2857,0.4286
HardSynthetic.HardCase036,high,8,0.4286,0.5714
HardSynthetic.HardCase036,high,16,0.8571,0.7143
HardSynthetic.HardCase036,high,32,1.1429,1.0
HardSynthetic.HardCase036,high,64,1.1429,0.8571
HardSynthetic.HardCase037,low,4,0.2857,0.2857
HardSynthetic.HardCase037,low,8,0.4286,0.5714
HardSynthetic.HardCase037,low,16,0.8571,0.7143
HardSynthetic.HardCase037,low,32,1.1429,0.8571
HardSynthetic.HardCase037,low,64,1.1429,0.8571
HardSynthetic.HardCase038,high,4,0.2857,0.2857
HardSynthetic.HardCase038,high,8,0.4286,0.5714
HardSynthetic.HardCase038,high,16,0.8571,0.8571
HardSynthetic.HardCase038,high,32,1.1429,0.8571
HardSynthetic.HardCase038,high,64,1.1429,0.8571
HardSynthetic.HardCase039,high,4,0.2857,0.2857
HardSynthetic.HardCase039,high,8,0.4286,0.5714
HardSynthetic.HardCase039,high,16,0.8571,0.7143
HardSynthetic.HardCase039,high,32,1.1429,0.8571
HardSynthetic.HardCase039,high,64,1.1429,0.8571
HardSynthetic.HardCase040,low,4,0.2857,0.2857
HardSynthetic.HardCase040,low,8,0.4286,0.2857
HardSynthetic.HardCase040,low,16,0.8571,0.5714
HardSynthetic.HardCase040,low,32,1.1429,0.7143
HardSynthetic.HardCase040,low,64,1.1429,0.8571
HardSynthetic.HardCase041,medium,4,0.2857,0.4286
HardSynthetic.HardCase041,medium,8,0.4286,0.4286
HardSynthetic.HardCase041,medium,16,0.8571,0.5714
HardSynthetic.HardCase041,medium,32,1.1429,0.8571
HardSynthetic.HardCase041,medium,64,1.1429,0.8571
HardSynthetic.HardCase042,high,4,0.2857,0.2857
HardSynthetic.HardCase042,high,8,0.4286,0.5714
HardSynthetic.HardCase042,high,16,0.8571,0.7143
HardSynthetic.HardCase042,high,32,1.1429,0.7143
HardSynthetic.HardCase042,high,64,1.1429,0.7143
HardSynthetic.HardCase043,high,4,0.2857,0.4286
HardSynthetic.HardCase043,high,8,0.4286,0.4286
HardSynthetic.HardCase043,high,16,0.8571,0.5714
HardSynthetic.HardCase043,high,32,1.1429,0.7143
HardSynthetic.HardCase043,high,64,1.1429,0.8571
HardSynthetic.HardCase044,low,4,0.2857,0.2857
HardSynthetic.HardCase044,low,8,0.4286,0.7143
HardSynthetic.HardCase044,low,16,0.8571,0.8571
HardSynthetic.HardCase044,low,32,1.1429,1.0
HardSynthetic.HardCase044,low,64,1.1429,1.0
HardSynthetic.HardCase045,low,4,0.2857,0.2857
HardSynthetic.HardCase045,low,8,0.4286,0.5714
HardSynthetic.HardCase045,low,16,0.8571,0.5714
HardSynthetic.HardCase045,low,32,1.1429,0.7143
HardSynthetic.HardCase045,low,64,1.1429,0.7143
HardSynthetic.HardCase046,low,4,0.2857,0.2857
HardSynthetic.HardCase046,low,8,0.4286,0.5714
HardSynthetic.HardCase046,low,16,0.8571,0.8571
HardSynthetic.HardCase046,low,32,1.1429,0.8571
HardSynthetic.HardCase046,low,64,1.1429,1.0
HardSynthetic.HardCase047,low,4,0.2857,0.2857
HardSynthetic.HardCase047,low,8,0.4286,0.5714
HardSynthetic.HardCase047,low,16,0.8571,0.5714
HardSynthetic.HardCase047,low,32,1.1429,0.8571
HardSynthetic.HardCase047,low,64,1.1429,0.8571
HardSynthetic.HardCase048,low,4,0.2857,0.2857
HardSynthetic.HardCase048,low,8,0.4286,0.7143
HardSynthetic.HardCase048,low,16,0.8571,0.7143
HardSynthetic.HardCase048,low,32,1.1429,0.8571
HardSynthetic.HardCase048,low,64,1.1429,0.8571
HardSynthetic.HardCase049,low,4,0.2857,0.2857
HardSynthetic.HardCase049,low,8,0.4286,0.5714
HardSynthetic.HardCase049,low,16,0.8571,0.5714
HardSynthetic.HardCase049,low,32,1.1429,1.0
HardSynthetic.HardCase049,low,64,1.1429,1.0
HardSynthetic.HardCase050,high,4,0.2857,0.4286
HardSynthetic.HardCase050,high,8,0.4286,0.5714
HardSynthetic.HardCase050,high,16,0.8571,0.8571
HardSynthetic.HardCase050,high,32,1.1429,0.8571
HardSynthetic.HardCase050,high,64,1.1429,0.8571
HardSynthetic.HardCase051,low,4,0.2857,0.2857
HardSynthetic.HardCase051,low,8,0.4286,0.5714
HardSynthetic.HardCase051,low,16,0.8571,0.8571
HardSynthetic.HardCase051,low,32,1.1429,0.8571
HardSynthetic.HardCase051,low,64,1.1429,1.0
HardSynthetic.HardCase052,medium,4,0.2857,0.4286
HardSynthetic.HardCase052,medium,8,0.4286,0.2857
HardSynthetic.HardCase052,medium,16,0.8571,0.5714
HardSynthetic.HardCase052,medium,32,1.1429,0.7143
HardSynthetic.HardCase052,medium,64,1.1429,0.7143
HardSynthetic.HardCase053,high,4,0.2857,0.2857
HardSynthetic.HardCase053,high,8,0.4286,0.2857
HardSynthetic.HardCase053,high,16,0.8571,0.7143
HardSynthetic.HardCase053,high,32,1.1429,0.8571
HardSynthetic.HardCase053,high,64,1.1429,0.8571
HardSynthetic.HardCase054,medium,4,0.2857,0.4286
HardSynthetic.HardCase054,medium,8,0.4286,0.4286
HardSynthetic.HardCase054,medium,16,0.8571,0.7143
HardSynthetic.HardCase054,medium,32,1.1429,0.7143
HardSynthetic.HardCase054,medium,64,1.1429,0.8571
HardSynthetic.HardCase055,low,4,0.2857,0.2857
HardSynthetic.HardCase055,low,8,0.4286,0.4286
HardSynthetic.HardCase055,low,16,0.8571,0.7143
HardSynthetic.HardCase055,low,32,1.1429,0.8571
HardSynthetic.HardCase055,low,64,1.1429,0.8571
HardSynthetic.HardCase056,low,4,0.2857,0.2857
HardSynthetic.HardCase056,low,8,0.4286,0.2857
HardSynthetic.HardCase056,low,16,0.8571,0.5714
HardSynthetic.HardCase056,low,32,1.1429,0.8571
HardSynthetic.HardCase056,low,64,1.1429,0.8571
HardSynthetic.HardCase057,high,4,0.2857,0.2857
HardSynthetic.HardCase057,high,8,0.4286,0.4286
HardSynthetic.HardCase057,high,16,0.8571,0.5714
HardSynthetic.HardCase057,high,32,1.1429,0.7143
HardSynthetic.HardCase057,high,64,1.1429,0.8571
HardSynthetic.HardCase058,low,4,0.2857,0.2857
HardSynthetic.HardCase058,low,8,0.4286,0.4286
HardSynthetic.HardCase058,low,16,0.8571,0.5714
HardSynthetic.HardCase058,low,32,1.1429,0.7143
HardSynthetic.HardCase058,low,64,1.1429,0.8571
HardSynthetic.HardCase059,low,4,0.2857,0.2857
HardSynthetic.HardCase059,low,8,0.4286,0.4286
HardSynthetic.HardCase059,low,16,0.8571,0.7143
HardSynthetic.HardCase059,low,32,1.1429,0.8571
HardSynthetic.HardCase059,low,64,1.1429,0.7143
HardSynthetic.HardCase060,medium,4,0.2857,0.4286
HardSynthetic.HardCase060,medium,8,0.4286,0.5714
HardSynthetic.HardCase060,medium,16,0.8571,0.7143
HardSynthetic.HardCase060,medium,32,1.1429,0.8571
HardSynthetic.HardCase060,medium,64,1.1429,1.0
HardSynthetic.HardCase061,high,4,0.2857,0.4286
HardSynthetic.HardCase061,high,8,0.4286,0.4286
HardSynthetic.HardCase061,high,16,0.8571,0.7143
HardSynthetic.HardCase061,high,32,1.1429,0.8571
HardSynthetic.HardCase061,high,64,1.1429,0.8571
HardSynthetic.HardCase062,low,4,0.2857,0.2857
HardSynthetic.HardCase062,low,8,0.4286,0.5714
HardSynthetic.HardCase062,low,16,0.8571,0.8571
HardSynthetic.HardCase062,low,32,1.1429,0.8571
HardSynthetic.HardCase062,low,64,1.1429,0.8571
HardSynthetic.HardCase063,low,4,0.2857,0.2857
HardSynthetic.HardCase063,low,8,0.4286,0.7143
HardSynthetic.HardCase063,low,16,0.8571,0.7143
HardSynthetic.HardCase063,low,32,1.1429,0.8571
HardSynthetic.HardCase063,low,64,1.1429,0.8571
HardSynthetic.HardCase064,medium,4,0.2857,0.2857
HardSynthetic.HardCase064,medium,8,0.4286,0.5714
HardSynthetic.HardCase064,medium,16,0.8571,0.8571
HardSynthetic.HardCase064,medium,32,1.1429,0.8571
HardSynthetic.HardCase064,medium,64,1.1429,0.8571
HardSynthetic.HardCase065,high,4,0.2857,0.4286
HardSynthetic.HardCase065,high,8,0.4286,0.5714
HardSynthetic.HardCase065,high,16,0.8571,0.8571
HardSynthetic.HardCase065,high,32,1.1429,0.8571
HardSynthetic.HardCase065,high,64,1.1429,0.8571
HardSynthetic.HardCase066,medium,4,0.2857,0.2857
HardSynthetic.HardCase066,medium,8,0.4286,0.2857
HardSynthetic.HardCase066,medium,16,0.8571,0.8571
HardSynthetic.HardCase066,medium,32,1.1429,0.7143
HardSynthetic.HardCase066,medium,64,1.1429,0.7143
HardSynthetic.HardCase067,medium,4,0.2857,0.4286
HardSynthetic.HardCase067,medium,8,0.4286,0.4286
HardSynthetic.HardCase067,medium,16,0.8571,0.8571
HardSynthetic.HardCase067,medium,32,1.1429,0.8571
HardSynthetic.HardCase067,medium,64,1.1429,1.0
HardSynthetic.HardCase068,medium,4,0.2857,0.4286
HardSynthetic.HardCase068,medium,8,0.4286,0.5714
HardSynthetic.HardCase068,medium,16,0.8571,1.0
HardSynthetic.HardCase068,medium,32,1.1429,0.7143
HardSynthetic.HardCase068,medium,64,1.1429,1.0
HardSynthetic.HardCase069,medium,4,0.2857,0.2857
HardSynthetic.HardCase069,medium,8,0.4286,0.4286
HardSynthetic.HardCase069,medium,16,0.8571,0.5714
HardSynthetic.HardCase069,medium,32,1.1429,0.8571
HardSynthetic.HardCase069,medium,64,1.1429,0.7143
HardSynthetic.HardCase070,high,4,0.2857,0.4286
HardSynthetic.HardCase070,high,8,0.4286,0.5714
HardSynthetic.HardCase070,high,16,0.8571,0.5714
HardSynthetic.HardCase070,high,32,1.0,0.5714
HardSynthetic.HardCase070,high,64,1.0,0.7143
HardSynthetic.HardCase071,medium,4,0.2857,0.4286
HardSynthetic.HardCase071,medium,8,0.4286,0.7143
HardSynthetic.HardCase071,medium,16,0.8571,0.8571
HardSynthetic.HardCase071,medium,32,1.1429,1.0
HardSynthetic.HardCase071,medium,64,1.1429,1.0
HardSynthetic.HardCase072,medium,4,0.2857,0.2857
HardSynthetic.HardCase072,medium,8,0.4286,0.5714
HardSynthetic.HardCase072,medium,16,0.8571,0.7143
HardSynthetic.HardCase072,medium,32,1.1429,1.0
HardSynthetic.HardCase072,medium,64,1.1429,0.7143
HardSynthetic.HardCase073,low,4,0.2857,0.2857
HardSynthetic.HardCase073,low,8,0.4286,0.4286
HardSynthetic.HardCase073,low,16,0.8571,0.7143
HardSynthetic.HardCase073,low,32,1.1429,0.7143
HardSynthetic.HardCase073,low,64,1.1429,1.0
HardSynthetic.HardCase074,low,4,0.2857,0.2857
HardSynthetic.HardCase074,low,8,0.4286,0.4286
HardSynthetic.HardCase074,low,16,0.8571,0.7143
HardSynthetic.HardCase074,low,32,1.1429,1.0
HardSynthetic.HardCase074,low,64,1.1429,1.0
HardSynthetic.HardCase075,high,4,0.2857,0.2857
HardSynthetic.HardCase075,high,8,0.4286,0.2857
HardSynthetic.HardCase075,high,16,0.8571,0.8571
HardSynthetic.HardCase075,high,32,1.1429,0.7143
HardSynthetic.HardCase075,high,64,1.1429,0.8571
HardSynthetic.HardCase076,low,4,0.2857,0.2857
HardSynthetic.HardCase076,low,8,0.4286,0.7143
HardSynthetic.HardCase076,low,16,0.8571,0.7143
HardSynthetic.HardCase076,low,32,1.1429,1.0
HardSynthetic.HardCase076,low,64,1.1429,1.0
HardSynthetic.HardCase077,medium,4,0.2857,0.4286
HardSynthetic.HardCase077,medium,8,0.4286,0.5714
HardSynthetic.HardCase077,medium,16,0.8571,0.8571
HardSynthetic.HardCase077,medium,32,1.1429,0.8571
HardSynthetic.HardCase077,medium,64,1.1429,0.8571
HardSynthetic.HardCase078,low,4,0.2857,0.2857
HardSynthetic.HardCase078,low,8,0.4286,0.7143
HardSynthetic.HardCase078,low,16,0.8571,0.8571
HardSynthetic.HardCase078,low,32,1.1429,0.8571
HardSynthetic.HardCase078,low,64,1.1429,1.0
HardSynthetic.HardCase079,medium,4,0.2857,0.2857
HardSynthetic.HardCase079,medium,8,0.4286,0.4286
HardSynthetic.HardCase079,medium,16,0.8571,0.5714
HardSynthetic.HardCase079,medium,32,1.1429,0.8571
HardSynthetic.HardCase079,medium,64,1.1429,0.8571
HardSynthetic.HardCase080,low,4,0.2857,0.2857
HardSynthetic.HardCase080,low,8,0.4286,0.4286
HardSynthetic.HardCase080,low,16,0.8571,0.5714
HardSynthetic.HardCase080,low,32,1.1429,0.8571
HardSynthetic.HardCase080,low,64,1.1429,0.8571
HardSynthetic.HardCase081,high,4,0.2857,0.4286
HardSynthetic.HardCase081,high,8,0.4286,0.4286
HardSynthetic.HardCase081,high,16,0.8571,0.5714
HardSynthetic.HardCase081,high,32,1.1429,0.7143
HardSynthetic.HardCase081,high,64,1.1429,0.8571
HardSynthetic.HardCase082,low,4,0.2857,0.2857
HardSynthetic.HardCase082,low,8,0.4286,0.7143
HardSynthetic.HardCase082,low,16,0.8571,0.7143
HardSynthetic.HardCase082,low,32,1.1429,0.8571
HardSynthetic.HardCase082,low,64,1.1429,0.8571
HardSynthetic.HardCase083,high,4,0.2857,0.1429
HardSynthetic.HardCase083,high,8,0.4286,0.5714
HardSynthetic.HardCase083,high,16,0.8571,0.5714
HardSynthetic.HardCase083,high,32,1.1429,0.5714
HardSynthetic.HardCase083,high,64,1.1429,0.7143
HardSynthetic.HardCase084,medium,4,0.2857,0.2857
HardSynthetic.HardCase084,medium,8,0.4286,0.4286
HardSynthetic.HardCase084,medium,16,0.8571,0.5714
HardSynthetic.HardCase084,medium,32,1.1429,0.8571
HardSynthetic.HardCase084,medium,64,1.1429,0.8571
HardSynthetic.HardCase085,medium,4,0.2857,0.4286
HardSynthetic.HardCase085,medium,8,0.4286,0.5714
HardSynthetic.HardCase085,medium,16,0.8571,0.8571
HardSynthetic.HardCase085,medium,32,1.1429,1.0
HardSynthetic.HardCase085,medium,64,1.1429,1.0
HardSynthetic.HardCase086,high,4,0.2857,0.4286
HardSynthetic.HardCase086,high,8,0.4286,0.5714
HardSynthetic.HardCase086,high,16,0.8571,0.7143
HardSynthetic.HardCase086,high,32,1.1429,0.7143
HardSynthetic.HardCase086,high,64,1.1429,0.8571
HardSynthetic.HardCase087,medium,4,0.2857,0.2857
HardSynthetic.HardCase087,medium,8,0.4286,0.5714
HardSynthetic.HardCase087,medium,16,0.8571,0.8571
HardSynthetic.HardCase087,medium,32,1.1429,1.0
HardSynthetic.HardCase087,medium,64,1.1429,0.8571
HardSynthetic.HardCase088,low,4,0.2857,0.2857
HardSynthetic.HardCase088,low,8,0.4286,0.5714
HardSynthetic.HardCase088,low,16,0.8571,0.7143
HardSynthetic.HardCase088,low,32,1.1429,0.8571
HardSynthetic.HardCase088,low,64,1.1429,1.0
HardSynthetic.HardCase089,low,4,0.2857,0.2857
HardSynthetic.HardCase089,low,8,0.4286,0.4286
HardSynthetic.HardCase089,low,16,0.8571,0.5714
HardSynthetic.HardCase089,low,32,1.1429,0.8571
HardSynthetic.HardCase089,low,64,1.1429,0.8571
HardSynthetic.HardCase090,medium,4,0.2857,0.4286
HardSynthetic.HardCase090,medium,8,0.4286,0.2857
HardSynthetic.HardCase090,medium,16,0.8571,0.7143
HardSynthetic.HardCase090,medium,32,1.1429,0.8571
HardSynthetic.HardCase090,medium,64,1.1429,0.8571
HardSynthetic.HardCase091,low,4,0.2857,0.2857
HardSynthetic.HardCase091,low,8,0.4286,0.5714
HardSynthetic.HardCase091,low,16,0.8571,0.7143
HardSynthetic.HardCase091,low,32,1.1429,0.7143
HardSynthetic.HardCase091,low,64,1.1429,0.8571
HardSynthetic.HardCase092,high,4,0.2857,0.4286
HardSynthetic.HardCase092,high,8,0.4286,0.4286
HardSynthetic.HardCase092,high,16,0.8571,0.7143
HardSynthetic.HardCase092,high,32,1.1429,0.7143
HardSynthetic.HardCase092,high,64,1.1429,0.8571
HardSynthetic.HardCase093,low,4,0.2857,0.2857
HardSynthetic.HardCase093,low,8,0.4286,0.5714
HardSynthetic.HardCase093,low,16,0.8571,0.7143
HardSynthetic.HardCase093,low,32,1.1429,0.8571
HardSynthetic.HardCase093,low,64,1.1429,0.8571
HardSynthetic.HardCase094,low,4,0.2857,0.2857
HardSynthetic.HardCase094,low,8,0.4286,0.2857
HardSynthetic.HardCase094,low,16,0.8571,0.7143
HardSynthetic.HardCase094,low,32,1.1429,0.5714
HardSynthetic.HardCase094,low,64,1.1429,0.7143
HardSynthetic.HardCase095,high,4,0.2857,0.4286
HardSynthetic.HardCase095,high,8,0.4286,0.7143
HardSynthetic.HardCase095,high,16,0.8571,0.5714
HardSynthetic.HardCase095,high,32,1.1429,0.5714
HardSynthetic.HardCase095,high,64,1.1429,0.8571
HardSynthetic.HardCase096,medium,4,0.2857,0.4286
HardSynthetic.HardCase096,medium,8,0.4286,0.5714
HardSynthetic.HardCase096,medium,16,0.8571,1.0
HardSynthetic.HardCase096,medium,32,1.1429,0.8571
HardSynthetic.HardCase096,medium,64,1.1429,1.0
HardSynthetic.HardCase097,high,4,0.2857,0.2857
HardSynthetic.HardCase097,high,8,0.4286,0.5714
HardSynthetic.HardCase097,high,16,0.8571,0.7143
HardSynthetic.HardCase097,high,32,1.1429,0.7143
HardSynthetic.HardCase097,high,64,1.1429,0.8571
HardSynthetic.HardCase098,low,4,0.2857,0.2857
HardSynthetic.HardCase098,low,8,0.4286,0.7143
HardSynthetic.HardCase098,low,16,0.8571,0.5714
HardSynthetic.HardCase098,low,32,1.1429,0.7143
HardSynthetic.HardCase098,low,64,1.1429,0.8571
HardSynthetic.HardCase099,high,4,0.2857,0.4286
HardSynthetic.HardCase099,high,8,0.4286,0.4286
HardSynthetic.HardCase099,high,16,0.8571,0.7143
HardSynthetic.HardCase099,high,32,1.1429,0.7143
HardSynthetic.HardCase099,high,64,1.1429,0.8571
HardSynthetic.HardCase100,high,4,0.2857,0.4286
HardSynthetic.HardCase100,high,8,0.4286,0.5714
HardSynthetic.HardCase100,high,16,0.8571,0.8571
HardSynthetic.HardCase100,high,32,1.1429,0.8571
HardSynthetic.HardCase100,high,64,1.1429,0.8571
