task_id,mode,conf,overlap_density_tier
HardSynthetic.HardCase004,B0,0.9583333333333334,low
HardSynthetic.HardCase002,B0,0.875,medium
HardSynthetic.HardCase003,B0,0.875,high
HardSynthetic.HardCase006,B0,0.875,high
HardSynthetic.HardCase005,B0,0.875,medium
HardSynthetic.HardCase001,B0,0.875,high
HardSynthetic.HardCase009,B0,0.875,high
HardSynthetic.HardCase008,B0,0.875,medium
HardSynthetic.HardCase007,B0,0.875,medium
HardSynthetic.HardCase010,B0,0.9583333333333334,low
HardSynthetic.HardCase011,B0,0.875,high
HardSynthetic.HardCase012,B0,0.875,high
HardSynthetic.HardCase013,B0,0.9583333333333334,low
HardSynthetic.HardCase014,B0,0.875,low
HardSynthetic.HardCase016,B0,0.875,medium
HardSynthetic.HardCase015,B0,0.875,high
HardSynthetic.HardCase017,B0,0.875,low
HardSynthetic.HardCase018,B0,0.875,medium
HardSynthetic.HardCase020,B0,0.875,medium
HardSynthetic.HardCase019,B0,0.875,high
HardSynthetic.HardCase021,B0,0.875,medium
HardSynthetic.HardCase022,B0,0.875,low
HardSynthetic.HardCase024,B0,0.875,high
HardSynthetic.HardCase027,B0,0.875,medium
HardSynthetic.HardCase025,B0,0.9583333333333334,low
HardSynthetic.HardCase026,B0,0.875,medium
HardSynthetic.HardCase023,B0,0.875,high
HardSynthetic.HardCase030,B0,0.875,high
HardSynthetic.HardCase029,B0,1.0,low
HardSynthetic.HardCase028,B0,0.875,low
HardSynthetic.HardCase032,B0,0.9583333333333334,low
HardSynthetic.HardCase033,B0,0.875,low
HardSynthetic.HardCase034,B0,0.9583333333333334,low
HardSynthetic.HardCase036,B0,0.875,high
HardSynthetic.HardCase038,B0,0.875,high
HardSynthetic.HardCase035,B0,0.875,low
HardSynthetic.HardCase039,B0,0.875,high
HardSynthetic.HardCase040,B0,0.875,low
HardSynthetic.HardCase037,B0,0.9583333333333334,low
HardSynthetic.HardCase041,B0,0.875,medium
HardSynthetic.HardCase042,B0,0.875,high
HardSynthetic.HardCase043,B0,0.875,medium
HardSynthetic.HardCase044,B0,0.875,low
HardSynthetic.HardCase045,B0,0.875,low
HardSynthetic.HardCase046,B0,0.875,low
HardSynthetic.HardCase049,B0,1.0,low
HardSynthetic.HardCase047,B0,0.9583333333333334,low
HardSynthetic.HardCase048,B0,0.875,low
HardSynthetic.HardCase050,B0,0.875,high
HardSynthetic.HardCase051,B0,0.875,low
HardSynthetic.HardCase052,B0,0.875,medium
HardSynthetic.HardCase053,B0,0.875,high
HardSynthetic.HardCase054,B0,0.875,medium
HardSynthetic.HardCase055,B0,0.875,low
HardSynthetic.HardCase056,B0,0.875,low
HardSynthetic.HardCase061,B0,0.875,high
HardSynthetic.HardCase059,B0,0.9583333333333334,low
HardSynthetic.HardCase060,B0,0.875,medium
HardSynthetic.HardCase058,B0,0.875,low
HardSynthetic.HardCase057,B0,0.875,high
HardSynthetic.HardCase062,B0,0.875,low
HardSynthetic.HardCase063,B0,0.9583333333333334,low
HardSynthetic.HardCase064,B0,0.875,medium
HardSynthetic.HardCase065,B0,0.875,high
HardSynthetic.HardCase070,B0,0.8571428571428571,high
HardSynthetic.HardCase066,B0,0.875,medium
HardSynthetic.HardCase067,B0,0.875,medium
HardSynthetic.HardCase069,B0,0.875,medium
HardSynthetic.HardCase068,B0,0.875,medium
HardSynthetic.HardCase071,B0,0.875,medium
HardSynthetic.HardCase072,B0,0.875,medium
HardSynthetic.HardCase073,B0,0.875,low
HardSynthetic.HardCase074,B0,1.0,low
HardSynthetic.HardCase075,B0,0.875,high
HardSynthetic.HardCase076,B0,1.0,low
HardSynthetic.HardCase080,B0,0.875,low
HardSynthetic.HardCase077,B0,0.875,medium
HardSynthetic.HardCase078,B0,0.875,low
HardSynthetic.HardCase081,B0,0.875,high
HardSynthetic.HardCase079,B0,0.875,medium
HardSynthetic.HardCase082,B0,0.875,low
HardSynthetic.HardCase083,B0,0.875,high
HardSynthetic.HardCase084,B0,0.875,medium
HardSynthetic.HardCase085,B0,0.875,medium
HardSynthetic.HardCase086,B0,0.875,high
HardSynthetic.HardCase087,B0,0.875,medium
HardSynthetic.HardCase091,B0,0.9583333333333334,low
HardSynthetic.HardCase089,B0,0.875,low
HardSynthetic.HardCase088,B0,1.0,low
HardSynthetic.HardCase090,B0,0.875,medium
HardSynthetic.HardCase092,B0,0.875,high
HardSynthetic.HardCase094,B0,0.9583333333333334,low
HardSynthetic.HardCase095,B0,0.875,high
HardSynthetic.HardCase096,B0,0.875,medium
HardSynthetic.HardCase097,B0,0.875,high
HardSynthetic.HardCase101,B0,0.8571428571428571,high
HardSynthetic.HardCase099,B0,0.875,high
HardSynthetic.HardCase100,B0,0.875,high
HardSynthetic.HardCase103,B0,0.875,low
HardSynthetic.HardCase098,B0,0.9583333333333334,low
HardSynthetic.HardCase104,B0,0.875,medium
HardSynthetic.HardCase105,B0,0.8571428571428571,high
HardSynthetic.HardCase106,B0,0.9583333333333334,low
HardSynthetic.HardCase107,B0,1.0,low
HardSynthetic.HardCase108,B0,0.875,high
HardSynthetic.HardCase109,B0,0.875,medium
HardSynthetic.HardCase110,B0,0.875,medium
HardSynthetic.HardCase112,B0,0.875,high
HardSynthetic.HardCase113,B0,0.875,high
HardSynthetic.HardCase111,B0,0.9583333333333334,low
HardSynthetic.HardCase115,B0,0.875,low
HardSynthetic.HardCase116,B0,0.875,high
HardSynthetic.HardCase117,B0,0.875,high
HardSynthetic.HardCase118,B0,0.9583333333333334,low
HardSynthetic.HardCase121,B0,0.875,high
HardSynthetic.HardCase120,B0,0.875,low
HardSynthetic.HardCase124,B0,0.875,low
HardSynthetic.HardCase122,B0,0.9583333333333334,low
HardSynthetic.HardCase125,B0,0.8571428571428571,low
HardSynthetic.HardCase123,B0,0.875,medium
HardSynthetic.HardCase001,B1,0.875,high
HardSynthetic.HardCase002,B1,0.875,medium
HardSynthetic.HardCase004,B1,0.9583333333333334,low
HardSynthetic.HardCase008,B1,0.875,medium
HardSynthetic.HardCase007,B1,0.875,medium
HardSynthetic.HardCase011,B1,0.875,high
HardSynthetic.HardCase013,B1,0.9583333333333334,low
HardSynthetic.HardCase014,B1,0.875,low
HardSynthetic.HardCase016,B1,0.875,medium
HardSynthetic.HardCase017,B1,0.875,low
HardSynthetic.HardCase018,B1,0.875,medium
HardSynthetic.HardCase019,B1,0.875,high
HardSynthetic.HardCase020,B1,0.875,medium
HardSynthetic.HardCase021,B1,0.875,medium
HardSynthetic.HardCase009,B1,0.875,high
HardSynthetic.HardCase006,B1,0.875,high
HardSynthetic.HardCase012,B1,0.875,high
HardSynthetic.HardCase023,B1,0.875,high
HardSynthetic.HardCase025,B1,0.9583333333333334,low
HardSynthetic.HardCase027,B1,0.875,medium
HardSynthetic.HardCase029,B1,1.0,low
HardSynthetic.HardCase030,B1,0.875,high
HardSynthetic.HardCase005,B1,0.875,medium
HardSynthetic.HardCase003,B1,0.875,high
HardSynthetic.HardCase010,B1,0.9583333333333334,low
HardSynthetic.HardCase032,B1,0.9583333333333334,low
HardSynthetic.HardCase022,B1,0.875,low
HardSynthetic.HardCase033,B1,0.875,low
HardSynthetic.HardCase015,B1,0.875,high
HardSynthetic.HardCase035,B1,0.875,low
HardSynthetic.HardCase036,B1,0.875,high
HardSynthetic.HardCase024,B1,0.875,high
HardSynthetic.HardCase038,B1,0.875,high
HardSynthetic.HardCase039,B1,0.875,high
HardSynthetic.HardCase026,B1,0.875,medium
HardSynthetic.HardCase043,B1,0.875,medium
HardSynthetic.HardCase044,B1,0.875,low
HardSynthetic.HardCase045,B1,0.875,low
HardSynthetic.HardCase028,B1,0.875,low
HardSynthetic.HardCase046,B1,0.875,low
HardSynthetic.HardCase047,B1,0.9583333333333334,low
HardSynthetic.HardCase048,B1,0.875,low
HardSynthetic.HardCase050,B1,0.875,high
HardSynthetic.HardCase049,B1,1.0,low
HardSynthetic.HardCase053,B1,0.875,high
HardSynthetic.HardCase054,B1,0.875,medium
HardSynthetic.HardCase041,B1,0.875,medium
HardSynthetic.HardCase056,B1,0.875,low
HardSynthetic.HardCase057,B1,0.875,high
HardSynthetic.HardCase058,B1,0.875,low
HardSynthetic.HardCase060,B1,0.875,medium
HardSynthetic.HardCase034,B1,0.9583333333333334,low
HardSynthetic.HardCase037,B1,0.9583333333333334,low
HardSynthetic.HardCase051,B1,0.875,low
HardSynthetic.HardCase052,B1,0.875,medium
HardSynthetic.HardCase061,B1,0.875,high
HardSynthetic.HardCase042,B1,0.875,high
HardSynthetic.HardCase062,B1,0.875,low
HardSynthetic.HardCase040,B1,0.875,low
HardSynthetic.HardCase064,B1,0.875,medium
HardSynthetic.HardCase055,B1,0.875,low
HardSynthetic.HardCase066,B1,0.875,medium
HardSynthetic.HardCase067,B1,0.875,medium
HardSynthetic.HardCase068,B1,0.875,medium
HardSynthetic.HardCase070,B1,0.8571428571428571,high
HardSynthetic.HardCase073,B1,0.875,low
HardSynthetic.HardCase075,B1,0.875,high
HardSynthetic.HardCase074,B1,1.0,low
HardSynthetic.HardCase076,B1,1.0,low
HardSynthetic.HardCase059,B1,0.9583333333333334,low
HardSynthetic.HardCase077,B1,0.875,medium
HardSynthetic.HardCase078,B1,0.875,low
HardSynthetic.HardCase079,B1,0.875,medium
HardSynthetic.HardCase080,B1,0.875,low
HardSynthetic.HardCase081,B1,0.875,high
HardSynthetic.HardCase063,B1,0.9583333333333334,low
HardSynthetic.HardCase083,B1,0.875,high
HardSynthetic.HardCase065,B1,0.875,high
HardSynthetic.HardCase084,B1,0.875,medium
HardSynthetic.HardCase087,B1,0.875,medium
HardSynthetic.HardCase088,B1,1.0,low
HardSynthetic.HardCase071,B1,0.875,medium
HardSynthetic.HardCase090,B1,0.875,medium
HardSynthetic.HardCase089,B1,0.875,low
HardSynthetic.HardCase072,B1,0.875,medium
HardSynthetic.HardCase091,B1,0.9583333333333334,low
HardSynthetic.HardCase092,B1,0.875,high
HardSynthetic.HardCase094,B1,0.9583333333333334,low
HardSynthetic.HardCase095,B1,0.875,high
HardSynthetic.HardCase097,B1,0.875,high
HardSynthetic.HardCase098,B1,0.9583333333333334,low
HardSynthetic.HardCase100,B1,0.875,high
HardSynthetic.HardCase101,B1,0.8571428571428571,high
HardSynthetic.HardCase103,B1,0.875,low
HardSynthetic.HardCase104,B1,0.875,medium
HardSynthetic.HardCase069,B1,0.875,medium
HardSynthetic.HardCase105,B1,0.8571428571428571,high
HardSynthetic.HardCase085,B1,0.875,medium
HardSynthetic.HardCase086,B1,0.875,high
HardSynthetic.HardCase106,B1,0.9583333333333334,low
HardSynthetic.HardCase108,B1,0.875,high
HardSynthetic.HardCase111,B1,0.9583333333333334,low
HardSynthetic.HardCase113,B1,0.875,high
HardSynthetic.HardCase082,B1,0.875,low
HardSynthetic.HardCase096,B1,0.875,medium
HardSynthetic.HardCase115,B1,0.875,low
HardSynthetic.HardCase099,B1,0.875,high
HardSynthetic.HardCase116,B1,0.875,high
HardSynthetic.HardCase118,B1,0.9583333333333334,low
HardSynthetic.HardCase121,B1,0.875,high
HardSynthetic.HardCase123,B1,0.875,medium
HardSynthetic.HardCase124,B1,0.875,low
HardSynthetic.HardCase125,B1,0.8571428571428571,low
HardSynthetic.HardCase107,B1,1.0,low
HardSynthetic.HardCase001,B2,0.875,high
HardSynthetic.HardCase110,B1,0.875,medium
HardSynthetic.HardCase002,B2,0.875,medium
HardSynthetic.HardCase004,B2,0.9583333333333334,low
HardSynthetic.HardCase005,B2,0.875,medium
HardSynthetic.HardCase007,B2,0.875,medium
HardSynthetic.HardCase008,B2,0.875,medium
HardSynthetic.HardCase009,B2,0.875,high
HardSynthetic.HardCase109,B1,0.875,medium
HardSynthetic.HardCase010,B2,0.9583333333333334,low
HardSynthetic.HardCase122,B1,0.9583333333333334,low
HardSynthetic.HardCase012,B2,0.875,high
HardSynthetic.HardCase013,B2,0.9583333333333334,low
HardSynthetic.HardCase015,B2,0.875,high
HardSynthetic.HardCase016,B2,0.875,medium
HardSynthetic.HardCase017,B2,0.875,low
HardSynthetic.HardCase018,B2,0.875,medium
HardSynthetic.HardCase117,B1,0.875,high
HardSynthetic.HardCase003,B2,0.875,high
HardSynthetic.HardCase019,B2,0.875,high
HardSynthetic.HardCase006,B2,0.875,high
HardSynthetic.HardCase020,B2,0.875,medium
HardSynthetic.HardCase120,B1,0.875,low
HardSynthetic.HardCase021,B2,0.875,medium
HardSynthetic.HardCase023,B2,0.875,high
HardSynthetic.HardCase024,B2,0.875,high
HardSynthetic.HardCase026,B2,0.875,medium
HardSynthetic.HardCase027,B2,0.875,medium
HardSynthetic.HardCase028,B2,0.875,low
HardSynthetic.HardCase029,B2,1.0,low
HardSynthetic.HardCase032,B2,0.9583333333333334,low
HardSynthetic.HardCase034,B2,0.9583333333333334,low
HardSynthetic.HardCase033,B2,0.875,low
HardSynthetic.HardCase035,B2,0.875,low
HardSynthetic.HardCase014,B2,0.875,low
HardSynthetic.HardCase036,B2,0.875,high
HardSynthetic.HardCase038,B2,0.875,high
HardSynthetic.HardCase037,B2,0.9583333333333334,low
HardSynthetic.HardCase040,B2,0.875,low
HardSynthetic.HardCase011,B2,0.875,high
HardSynthetic.HardCase042,B2,0.875,high
HardSynthetic.HardCase043,B2,0.875,medium
HardSynthetic.HardCase044,B2,0.875,low
HardSynthetic.HardCase022,B2,0.875,low
HardSynthetic.HardCase045,B2,0.875,low
HardSynthetic.HardCase048,B2,0.875,low
HardSynthetic.HardCase049,B2,1.0,low
HardSynthetic.HardCase050,B2,0.875,high
HardSynthetic.HardCase051,B2,0.875,low
HardSynthetic.HardCase052,B2,0.875,medium
HardSynthetic.HardCase039,B2,0.875,high
HardSynthetic.HardCase025,B2,0.9583333333333334,low
HardSynthetic.HardCase053,B2,0.875,high
HardSynthetic.HardCase041,B2,0.875,medium
HardSynthetic.HardCase054,B2,0.875,medium
HardSynthetic.HardCase055,B2,0.875,low
HardSynthetic.HardCase030,B2,0.875,high
HardSynthetic.HardCase057,B2,0.875,high
HardSynthetic.HardCase059,B2,0.9583333333333334,low
HardSynthetic.HardCase060,B2,0.875,medium
HardSynthetic.HardCase062,B2,0.875,low
HardSynthetic.HardCase047,B2,0.9583333333333334,low
HardSynthetic.HardCase112,B1,0.875,high
HardSynthetic.HardCase063,B2,0.9583333333333334,low
HardSynthetic.HardCase046,B2,0.875,low
HardSynthetic.HardCase056,B2,0.875,low
HardSynthetic.HardCase061,B2,0.875,high
HardSynthetic.HardCase070,B2,0.8571428571428571,high
HardSynthetic.HardCase071,B2,0.875,medium
HardSynthetic.HardCase064,B2,0.875,medium
HardSynthetic.HardCase073,B2,0.875,low
HardSynthetic.HardCase074,B2,1.0,low
HardSynthetic.HardCase069,B2,0.875,medium
HardSynthetic.HardCase058,B2,0.875,low
HardSynthetic.HardCase076,B2,1.0,low
HardSynthetic.HardCase078,B2,0.875,low
HardSynthetic.HardCase080,B2,0.875,low
HardSynthetic.HardCase081,B2,0.875,high
HardSynthetic.HardCase067,B2,0.875,medium
HardSynthetic.HardCase072,B2,0.875,medium
HardSynthetic.HardCase084,B2,0.875,medium
HardSynthetic.HardCase075,B2,0.875,high
HardSynthetic.HardCase085,B2,0.875,medium
HardSynthetic.HardCase077,B2,0.875,medium
HardSynthetic.HardCase087,B2,0.875,medium
HardSynthetic.HardCase065,B2,0.875,high
HardSynthetic.HardCase088,B2,1.0,low
HardSynthetic.HardCase091,B2,0.9583333333333334,low
HardSynthetic.HardCase066,B2,0.875,medium
HardSynthetic.HardCase068,B2,0.875,medium
HardSynthetic.HardCase092,B2,0.875,high
HardSynthetic.HardCase083,B2,0.875,high
HardSynthetic.HardCase079,B2,0.875,medium
HardSynthetic.HardCase096,B2,0.875,medium
HardSynthetic.HardCase097,B2,0.875,high
HardSynthetic.HardCase086,B2,0.875,high
HardSynthetic.HardCase089,B2,0.875,low
HardSynthetic.HardCase101,B2,0.8571428571428571,high
HardSynthetic.HardCase103,B2,0.875,low
HardSynthetic.HardCase082,B2,0.875,low
HardSynthetic.HardCase105,B2,0.8571428571428571,high
HardSynthetic.HardCase106,B2,0.9583333333333334,low
HardSynthetic.HardCase108,B2,0.875,high
HardSynthetic.HardCase099,B2,0.875,high
HardSynthetic.HardCase100,B2,0.875,high
HardSynthetic.HardCase111,B2,0.9583333333333334,low
HardSynthetic.HardCase107,B2,1.0,low
HardSynthetic.HardCase098,B2,0.9583333333333334,low
HardSynthetic.HardCase113,B2,0.875,high
HardSynthetic.HardCase116,B2,0.875,high
HardSynthetic.HardCase095,B2,0.0,high
HardSynthetic.HardCase104,B2,0.875,medium
HardSynthetic.HardCase090,B2,0.875,medium
HardSynthetic.HardCase118,B2,0.9583333333333334,low
HardSynthetic.HardCase110,B2,0.875,medium
HardSynthetic.HardCase094,B2,0.9583333333333334,low
HardSynthetic.HardCase109,B2,0.875,medium
HardSynthetic.HardCase112,B2,0.875,high
HardSynthetic.HardCase121,B2,0.875,high
HardSynthetic.HardCase123,B2,0.875,medium
HardSynthetic.HardCase125,B2,0.8571428571428571,low
HardSynthetic.HardCase115,B2,0.875,low
HardSynthetic.HardCase124,B2,0.875,low
HardSynthetic.HardCase120,B2,0.875,low
HardSynthetic.HardCase005,M,0.0,medium
HardSynthetic.HardCase001,M,0.875,high
HardSynthetic.HardCase006,M,0.0,high
HardSynthetic.HardCase002,M,0.875,medium
HardSynthetic.HardCase007,M,0.875,medium
HardSynthetic.HardCase009,M,0.875,high
HardSynthetic.HardCase011,M,0.875,high
HardSynthetic.HardCase003,M,0.875,high
HardSynthetic.HardCase008,M,0.875,medium
HardSynthetic.HardCase013,M,0.0,low
HardSynthetic.HardCase010,M,0.9583333333333334,low
HardSynthetic.HardCase012,M,0.875,high
HardSynthetic.HardCase015,M,0.875,high
HardSynthetic.HardCase018,M,0.875,medium
HardSynthetic.HardCase016,M,0.875,medium
HardSynthetic.HardCase017,M,0.875,low
HardSynthetic.HardCase020,M,0.0,medium
HardSynthetic.HardCase122,B2,0.0,low
HardSynthetic.HardCase019,M,0.875,high
HardSynthetic.HardCase117,B2,0.875,high
HardSynthetic.HardCase024,M,0.875,high
HardSynthetic.HardCase025,M,0.9583333333333334,low
HardSynthetic.HardCase023,M,0.875,high
HardSynthetic.HardCase026,M,0.875,medium
HardSynthetic.HardCase028,M,0.875,low
HardSynthetic.HardCase032,M,0.9583333333333334,low
HardSynthetic.HardCase030,M,0.875,high
HardSynthetic.HardCase004,M,0.9583333333333334,low
HardSynthetic.HardCase027,M,0.875,medium
HardSynthetic.HardCase022,M,0.875,low
HardSynthetic.HardCase021,M,0.875,medium
HardSynthetic.HardCase033,M,0.875,low
HardSynthetic.HardCase035,M,0.875,low
HardSynthetic.HardCase029,M,1.0,low
HardSynthetic.HardCase036,M,0.875,high
HardSynthetic.HardCase041,M,0.875,medium
HardSynthetic.HardCase039,M,0.875,high
HardSynthetic.HardCase040,M,0.875,low
HardSynthetic.HardCase037,M,0.9583333333333334,low
HardSynthetic.HardCase014,M,0.875,low
HardSynthetic.HardCase038,M,0.875,high
HardSynthetic.HardCase048,M,0.875,low
HardSynthetic.HardCase042,M,0.875,high
HardSynthetic.HardCase046,M,0.875,low
HardSynthetic.HardCase034,M,0.9583333333333334,low
HardSynthetic.HardCase043,M,0.875,medium
HardSynthetic.HardCase044,M,0.875,low
HardSynthetic.HardCase047,M,0.9583333333333334,low
HardSynthetic.HardCase049,M,1.0,low
HardSynthetic.HardCase053,M,0.875,high
HardSynthetic.HardCase051,M,0.875,low
HardSynthetic.HardCase058,M,0.875,low
HardSynthetic.HardCase054,M,0.875,medium
HardSynthetic.HardCase059,M,0.9583333333333334,low
HardSynthetic.HardCase050,M,0.875,high
HardSynthetic.HardCase052,M,0.875,medium
HardSynthetic.HardCase061,M,0.875,high
HardSynthetic.HardCase062,M,0.875,low
HardSynthetic.HardCase057,M,0.875,high
HardSynthetic.HardCase056,M,0.875,low
HardSynthetic.HardCase063,M,0.9583333333333334,low
HardSynthetic.HardCase067,M,0.875,medium
HardSynthetic.HardCase060,M,0.875,medium
HardSynthetic.HardCase068,M,0.875,medium
HardSynthetic.HardCase045,M,0.875,low
HardSynthetic.HardCase069,M,0.875,medium
HardSynthetic.HardCase073,M,0.875,low
HardSynthetic.HardCase075,M,0.875,high
HardSynthetic.HardCase055,M,0.875,low
HardSynthetic.HardCase064,M,0.875,medium
HardSynthetic.HardCase066,M,0.875,medium
HardSynthetic.HardCase070,M,0.8571428571428571,high
HardSynthetic.HardCase065,M,0.875,high
HardSynthetic.HardCase077,M,0.875,medium
HardSynthetic.HardCase078,M,0.875,low
HardSynthetic.HardCase080,M,0.875,low
HardSynthetic.HardCase071,M,0.875,medium
HardSynthetic.HardCase079,M,0.875,medium
HardSynthetic.HardCase085,M,0.875,medium
HardSynthetic.HardCase081,M,0.875,high
HardSynthetic.HardCase072,M,0.875,medium
HardSynthetic.HardCase084,M,0.875,medium
HardSynthetic.HardCase086,M,0.875,high
HardSynthetic.HardCase076,M,1.0,low
HardSynthetic.HardCase074,M,1.0,low
HardSynthetic.HardCase087,M,0.875,medium
HardSynthetic.HardCase088,M,1.0,low
HardSynthetic.HardCase082,M,0.875,low
HardSynthetic.HardCase091,M,0.9583333333333334,low
HardSynthetic.HardCase096,M,0.875,medium
HardSynthetic.HardCase095,M,0.875,high
HardSynthetic.HardCase097,M,0.875,high
HardSynthetic.HardCase098,M,0.9583333333333334,low
HardSynthetic.HardCase099,M,0.875,high
HardSynthetic.HardCase101,M,0.8571428571428571,high
HardSynthetic.HardCase103,M,0.875,low
HardSynthetic.HardCase089,M,0.875,low
HardSynthetic.HardCase105,M,0.8571428571428571,high
HardSynthetic.HardCase104,M,0.875,medium
HardSynthetic.HardCase092,M,0.875,high
HardSynthetic.HardCase083,M,0.875,high
HardSynthetic.HardCase100,M,0.875,high
HardSynthetic.HardCase110,M,0.875,medium
HardSynthetic.HardCase107,M,1.0,low
HardSynthetic.HardCase094,M,0.9583333333333334,low
HardSynthetic.HardCase111,M,0.9583333333333334,low
HardSynthetic.HardCase115,M,0.875,low
HardSynthetic.HardCase090,M,0.875,medium
HardSynthetic.HardCase106,M,0.9583333333333334,low
HardSynthetic.HardCase116,M,0.875,high
HardSynthetic.HardCase121,M,0.875,high
HardSynthetic.HardCase112,M,0.875,high
HardSynthetic.HardCase108,M,0.875,high
HardSynthetic.HardCase118,M,0.9583333333333334,low
HardSynthetic.HardCase123,M,0.875,medium
HardSynthetic.HardCase117,M,0.875,high
HardSynthetic.HardCase113,M,0.875,high
HardSynthetic.HardCase120,M,0.875,low
HardSynthetic.HardCase122,M,0.9583333333333334,low
HardSynthetic.HardCase124,M,0.875,low
HardSynthetic.HardCase004,A1,0.9583333333333334,low
HardSynthetic.HardCase109,M,0.875,medium
HardSynthetic.HardCase001,A1,0.875,high
HardSynthetic.HardCase125,M,0.8571428571428571,low
HardSynthetic.HardCase007,A1,0.875,medium
HardSynthetic.HardCase008,A1,0.875,medium
HardSynthetic.HardCase009,A1,0.875,high
HardSynthetic.HardCase003,A1,0.875,high
HardSynthetic.HardCase010,A1,0.9583333333333334,low
HardSynthetic.HardCase014,A1,0.875,low
HardSynthetic.HardCase006,A1,0.875,high
HardSynthetic.HardCase017,A1,0.875,low
HardSynthetic.HardCase013,A1,0.9583333333333334,low
HardSynthetic.HardCase002,A1,0.875,medium
HardSynthetic.HardCase015,A1,0.875,high
HardSynthetic.HardCase022,A1,0.875,low
HardSynthetic.HardCase011,A1,0.875,high
HardSynthetic.HardCase012,A1,0.875,high
HardSynthetic.HardCase018,A1,0.875,medium
HardSynthetic.HardCase024,A1,0.875,high
HardSynthetic.HardCase020,A1,0.875,medium
HardSynthetic.HardCase016,A1,0.875,medium
HardSynthetic.HardCase005,A1,0.875,medium
HardSynthetic.HardCase021,A1,0.875,medium
HardSynthetic.HardCase027,A1,0.875,medium
HardSynthetic.HardCase026,A1,0.875,medium
HardSynthetic.HardCase033,A1,0.875,low
HardSynthetic.HardCase034,A1,0.9583333333333334,low
HardSynthetic.HardCase023,A1,0.875,high
HardSynthetic.HardCase028,A1,0.875,low
HardSynthetic.HardCase025,A1,0.9583333333333334,low
HardSynthetic.HardCase019,A1,0.875,high
HardSynthetic.HardCase035,A1,0.875,low
HardSynthetic.HardCase036,A1,0.875,high
HardSynthetic.HardCase029,A1,1.0,low
HardSynthetic.HardCase037,A1,0.9583333333333334,low
HardSynthetic.HardCase042,A1,0.875,high
HardSynthetic.HardCase044,A1,0.875,low
HardSynthetic.HardCase030,A1,0.875,high
HardSynthetic.HardCase041,A1,0.875,medium
HardSynthetic.HardCase045,A1,0.875,low
HardSynthetic.HardCase039,A1,0.0,high
HardSynthetic.HardCase049,A1,1.0,low
HardSynthetic.HardCase043,A1,0.875,medium
HardSynthetic.HardCase038,A1,0.875,high
HardSynthetic.HardCase050,A1,0.875,high
HardSynthetic.HardCase052,A1,0.875,medium
HardSynthetic.HardCase047,A1,0.9583333333333334,low
HardSynthetic.HardCase055,A1,0.875,low
HardSynthetic.HardCase057,A1,0.875,high
HardSynthetic.HardCase056,A1,0.875,low
HardSynthetic.HardCase051,A1,0.875,low
HardSynthetic.HardCase058,A1,0.875,low
HardSynthetic.HardCase059,A1,0.9583333333333334,low
HardSynthetic.HardCase054,A1,0.0,medium
HardSynthetic.HardCase046,A1,0.875,low
HardSynthetic.HardCase065,A1,0.875,high
HardSynthetic.HardCase040,A1,0.875,low
HardSynthetic.HardCase032,A1,0.9583333333333334,low
HardSynthetic.HardCase053,A1,0.875,high
HardSynthetic.HardCase061,A1,0.875,high
HardSynthetic.HardCase062,A1,0.875,low
HardSynthetic.HardCase067,A1,0.875,medium
HardSynthetic.HardCase068,A1,0.875,medium
HardSynthetic.HardCase071,A1,0.875,medium
HardSynthetic.HardCase069,A1,0.875,medium
HardSynthetic.HardCase070,A1,0.8571428571428571,high
HardSynthetic.HardCase072,A1,0.875,medium
HardSynthetic.HardCase060,A1,0.875,medium
HardSynthetic.HardCase074,A1,1.0,low
HardSynthetic.HardCase075,A1,0.875,high
HardSynthetic.HardCase078,A1,0.875,low
HardSynthetic.HardCase079,A1,0.875,medium
HardSynthetic.HardCase064,A1,0.875,medium
HardSynthetic.HardCase066,A1,0.875,medium
HardSynthetic.HardCase077,A1,0.875,medium
HardSynthetic.HardCase081,A1,0.875,high
HardSynthetic.HardCase063,A1,0.9583333333333334,low
HardSynthetic.HardCase076,A1,1.0,low
HardSynthetic.HardCase084,A1,0.0,medium
HardSynthetic.HardCase048,A1,0.875,low
HardSynthetic.HardCase082,A1,0.875,low
HardSynthetic.HardCase073,A1,0.875,low
HardSynthetic.HardCase085,A1,0.875,medium
HardSynthetic.HardCase088,A1,1.0,low
HardSynthetic.HardCase086,A1,0.875,high
HardSynthetic.HardCase083,A1,0.875,high
HardSynthetic.HardCase090,A1,0.875,medium
HardSynthetic.HardCase094,A1,0.9583333333333334,low
HardSynthetic.HardCase080,A1,0.0,low
HardSynthetic.HardCase089,A1,0.875,low
HardSynthetic.HardCase091,A1,0.9583333333333334,low
HardSynthetic.HardCase092,A1,0.875,high
HardSynthetic.HardCase087,A1,0.875,medium
HardSynthetic.HardCase098,A1,0.9583333333333334,low
HardSynthetic.HardCase096,A1,0.875,medium
HardSynthetic.HardCase103,A1,0.875,low
HardSynthetic.HardCase097,A1,0.875,high
HardSynthetic.HardCase099,A1,0.875,high
HardSynthetic.HardCase100,A1,0.875,high
HardSynthetic.HardCase101,A1,0.8571428571428571,high
HardSynthetic.HardCase107,A1,1.0,low
HardSynthetic.HardCase095,A1,0.875,high
HardSynthetic.HardCase110,A1,0.875,medium
HardSynthetic.HardCase115,A1,0.875,low
HardSynthetic.HardCase112,A1,0.875,high
HardSynthetic.HardCase104,A1,0.875,medium
HardSynthetic.HardCase106,A1,0.9583333333333334,low
HardSynthetic.HardCase109,A1,0.875,medium
HardSynthetic.HardCase113,A1,0.875,high
HardSynthetic.HardCase105,A1,0.8571428571428571,high
HardSynthetic.HardCase116,A1,0.875,high
HardSynthetic.HardCase122,A1,0.0,low
HardSynthetic.HardCase117,A1,0.875,high
HardSynthetic.HardCase002,A2,0.0,medium
HardSynthetic.HardCase123,A1,0.875,medium
HardSynthetic.HardCase111,A1,0.9583333333333334,low
HardSynthetic.HardCase124,A1,0.875,low
HardSynthetic.HardCase108,A1,0.875,high
HardSynthetic.HardCase005,A2,0.875,medium
HardSynthetic.HardCase004,A2,0.9583333333333334,low
HardSynthetic.HardCase007,A2,0.0,medium
HardSynthetic.HardCase001,A2,0.875,high
HardSynthetic.HardCase120,A1,0.875,low
HardSynthetic.HardCase006,A2,0.875,high
HardSynthetic.HardCase009,A2,0.0,high
HardSynthetic.HardCase121,A1,0.875,high
HardSynthetic.HardCase125,A1,0.8571428571428571,low
HardSynthetic.HardCase003,A2,0.875,high
HardSynthetic.HardCase010,A2,0.9583333333333334,low
HardSynthetic.HardCase014,A2,0.875,low
HardSynthetic.HardCase013,A2,0.9583333333333334,low
HardSynthetic.HardCase018,A2,0.0,medium
HardSynthetic.HardCase015,A2,0.875,high
HardSynthetic.HardCase118,A1,0.9583333333333334,low
HardSynthetic.HardCase012,A2,0.875,high
HardSynthetic.HardCase008,A2,0.875,medium
HardSynthetic.HardCase020,A2,0.875,medium
HardSynthetic.HardCase019,A2,0.875,high
HardSynthetic.HardCase017,A2,0.0,low
HardSynthetic.HardCase022,A2,0.875,low
HardSynthetic.HardCase025,A2,0.0,low
HardSynthetic.HardCase023,A2,0.875,high
HardSynthetic.HardCase024,A2,0.875,high
HardSynthetic.HardCase029,A2,1.0,low
HardSynthetic.HardCase016,A2,0.875,medium
HardSynthetic.HardCase027,A2,0.875,medium
HardSynthetic.HardCase011,A2,0.875,high
HardSynthetic.HardCase030,A2,0.875,high
HardSynthetic.HardCase028,A2,0.875,low
HardSynthetic.HardCase033,A2,0.875,low
HardSynthetic.HardCase036,A2,0.875,high
HardSynthetic.HardCase021,A2,0.875,medium
HardSynthetic.HardCase026,A2,0.875,medium
HardSynthetic.HardCase037,A2,0.9583333333333334,low
HardSynthetic.HardCase040,A2,0.875,low
HardSynthetic.HardCase038,A2,0.875,high
HardSynthetic.HardCase032,A2,0.9583333333333334,low
HardSynthetic.HardCase035,A2,0.875,low
HardSynthetic.HardCase044,A2,0.875,low
HardSynthetic.HardCase045,A2,0.875,low
HardSynthetic.HardCase034,A2,0.9583333333333334,low
HardSynthetic.HardCase042,A2,0.875,high
HardSynthetic.HardCase047,A2,0.9583333333333334,low
HardSynthetic.HardCase041,A2,0.875,medium
HardSynthetic.HardCase048,A2,0.875,low
HardSynthetic.HardCase049,A2,1.0,low
HardSynthetic.HardCase050,A2,0.875,high
HardSynthetic.HardCase052,A2,0.875,medium
HardSynthetic.HardCase053,A2,0.875,high
HardSynthetic.HardCase056,A2,0.875,low
HardSynthetic.HardCase055,A2,0.875,low
HardSynthetic.HardCase054,A2,0.875,medium
HardSynthetic.HardCase039,A2,0.875,high
HardSynthetic.HardCase057,A2,0.875,high
HardSynthetic.HardCase046,A2,0.875,low
HardSynthetic.HardCase043,A2,0.875,medium
HardSynthetic.HardCase062,A2,0.875,low
HardSynthetic.HardCase059,A2,0.9583333333333334,low
HardSynthetic.HardCase063,A2,0.9583333333333334,low
HardSynthetic.HardCase065,A2,0.875,high
HardSynthetic.HardCase067,A2,0.875,medium
HardSynthetic.HardCase061,A2,0.875,high
HardSynthetic.HardCase060,A2,0.875,medium
HardSynthetic.HardCase068,A2,0.875,medium
HardSynthetic.HardCase058,A2,0.875,low
HardSynthetic.HardCase051,A2,0.875,low
HardSynthetic.HardCase070,A2,0.8571428571428571,high
HardSynthetic.HardCase071,A2,0.875,medium
HardSynthetic.HardCase074,A2,1.0,low
HardSynthetic.HardCase073,A2,0.0,low
HardSynthetic.HardCase069,A2,0.875,medium
HardSynthetic.HardCase064,A2,0.875,medium
HardSynthetic.HardCase078,A2,0.875,low
HardSynthetic.HardCase075,A2,0.875,high
HardSynthetic.HardCase082,A2,0.875,low
HardSynthetic.HardCase080,A2,0.875,low
HardSynthetic.HardCase076,A2,1.0,low
HardSynthetic.HardCase066,A2,0.875,medium
HardSynthetic.HardCase079,A2,0.875,medium
HardSynthetic.HardCase083,A2,0.875,high
HardSynthetic.HardCase077,A2,0.875,medium
HardSynthetic.HardCase088,A2,1.0,low
HardSynthetic.HardCase086,A2,0.875,high
HardSynthetic.HardCase091,A2,0.9583333333333334,low
HardSynthetic.HardCase092,A2,0.875,high
HardSynthetic.HardCase087,A2,0.875,medium
HardSynthetic.HardCase072,A2,0.875,medium
HardSynthetic.HardCase089,A2,0.875,low
HardSynthetic.HardCase081,A2,0.0,high
HardSynthetic.HardCase085,A2,0.875,medium
HardSynthetic.HardCase095,A2,0.875,high
HardSynthetic.HardCase099,A2,0.875,high
HardSynthetic.HardCase084,A2,0.875,medium
HardSynthetic.HardCase090,A2,0.875,medium
HardSynthetic.HardCase101,A2,0.8571428571428571,high
HardSynthetic.HardCase094,A2,0.9583333333333334,low
HardSynthetic.HardCase096,A2,0.875,medium
HardSynthetic.HardCase107,A2,1.0,low
HardSynthetic.HardCase104,A2,0.875,medium
HardSynthetic.HardCase106,A2,0.0,low
HardSynthetic.HardCase103,A2,0.875,low
HardSynthetic.HardCase098,A2,0.9583333333333334,low
HardSynthetic.HardCase110,A2,0.0,medium
HardSynthetic.HardCase112,A2,0.875,high
HardSynthetic.HardCase113,A2,0.875,high
HardSynthetic.HardCase117,A2,0.875,high
HardSynthetic.HardCase118,A2,0.9583333333333334,low
HardSynthetic.HardCase097,A2,0.875,high
HardSynthetic.HardCase111,A2,0.0,low
HardSynthetic.HardCase120,A2,0.875,low
HardSynthetic.HardCase105,A2,0.8571428571428571,high
HardSynthetic.HardCase121,A2,0.875,high
HardSynthetic.HardCase123,A2,0.875,medium
HardSynthetic.HardCase001,A3,0.875,high
HardSynthetic.HardCase002,A3,0.875,medium
HardSynthetic.HardCase124,A2,0.875,low
HardSynthetic.HardCase003,A3,0.875,high
HardSynthetic.HardCase125,A2,0.8571428571428571,low
HardSynthetic.HardCase004,A3,0.9583333333333334,low
HardSynthetic.HardCase005,A3,0.875,medium
HardSynthetic.HardCase006,A3,0.875,high
HardSynthetic.HardCase007,A3,0.875,medium
HardSynthetic.HardCase009,A3,0.875,high
HardSynthetic.HardCase008,A3,0.875,medium
HardSynthetic.HardCase010,A3,0.9583333333333334,low
HardSynthetic.HardCase011,A3,0.875,high
HardSynthetic.HardCase012,A3,0.875,high
HardSynthetic.HardCase013,A3,0.9583333333333334,low
HardSynthetic.HardCase014,A3,0.875,low
HardSynthetic.HardCase015,A3,0.875,high
HardSynthetic.HardCase016,A3,0.875,medium
HardSynthetic.HardCase017,A3,0.875,low
HardSynthetic.HardCase018,A3,0.875,medium
HardSynthetic.HardCase021,A3,0.875,medium
HardSynthetic.HardCase108,A2,0.875,high
HardSynthetic.HardCase022,A3,0.875,low
HardSynthetic.HardCase020,A3,0.875,medium
HardSynthetic.HardCase023,A3,0.875,high
HardSynthetic.HardCase026,A3,0.0,medium
HardSynthetic.HardCase109,A2,0.0,medium
HardSynthetic.HardCase027,A3,0.875,medium
HardSynthetic.HardCase100,A2,0.875,high
HardSynthetic.HardCase025,A3,0.9583333333333334,low
HardSynthetic.HardCase029,A3,1.0,low
HardSynthetic.HardCase030,A3,0.875,high
HardSynthetic.HardCase032,A3,0.9583333333333334,low
HardSynthetic.HardCase036,A3,0.0,high
HardSynthetic.HardCase033,A3,0.875,low
HardSynthetic.HardCase034,A3,0.9583333333333334,low
HardSynthetic.HardCase035,A3,0.875,low
HardSynthetic.HardCase040,A3,0.0,low
HardSynthetic.HardCase019,A3,0.875,high
HardSynthetic.HardCase037,A3,0.9583333333333334,low
HardSynthetic.HardCase038,A3,0.875,high
HardSynthetic.HardCase039,A3,0.875,high
HardSynthetic.HardCase044,A3,0.0,low
HardSynthetic.HardCase042,A3,0.875,high
HardSynthetic.HardCase043,A3,0.875,medium
HardSynthetic.HardCase045,A3,0.875,low
HardSynthetic.HardCase049,A3,0.0,low
HardSynthetic.HardCase046,A3,0.875,low
HardSynthetic.HardCase047,A3,0.9583333333333334,low
HardSynthetic.HardCase024,A3,0.875,high
HardSynthetic.HardCase115,A2,0.875,low
HardSynthetic.HardCase048,A3,0.875,low
HardSynthetic.HardCase054,A3,0.0,medium
HardSynthetic.HardCase052,A3,0.875,medium
HardSynthetic.HardCase053,A3,0.875,high
HardSynthetic.HardCase055,A3,0.875,low
HardSynthetic.HardCase056,A3,0.875,low
HardSynthetic.HardCase116,A2,0.875,high
HardSynthetic.HardCase059,A3,0.9583333333333334,low
HardSynthetic.HardCase058,A3,0.875,low
HardSynthetic.HardCase057,A3,0.875,high
HardSynthetic.HardCase061,A3,0.875,high
HardSynthetic.HardCase065,A3,0.0,high
HardSynthetic.HardCase062,A3,0.875,low
HardSynthetic.HardCase063,A3,0.9583333333333334,low
HardSynthetic.HardCase064,A3,0.875,medium
HardSynthetic.HardCase066,A3,0.875,medium
HardSynthetic.HardCase041,A3,0.875,medium
HardSynthetic.HardCase068,A3,0.875,medium
HardSynthetic.HardCase067,A3,0.875,medium
HardSynthetic.HardCase069,A3,0.875,medium
HardSynthetic.HardCase071,A3,0.875,medium
HardSynthetic.HardCase072,A3,0.875,medium
HardSynthetic.HardCase073,A3,0.875,low
HardSynthetic.HardCase074,A3,1.0,low
HardSynthetic.HardCase050,A3,0.875,high
HardSynthetic.HardCase051,A3,0.875,low
HardSynthetic.HardCase075,A3,0.875,high
HardSynthetic.HardCase077,A3,0.875,medium
HardSynthetic.HardCase076,A3,1.0,low
HardSynthetic.HardCase080,A3,0.875,low
HardSynthetic.HardCase028,A3,0.875,low
HardSynthetic.HardCase081,A3,0.875,high
HardSynthetic.HardCase082,A3,0.875,low
HardSynthetic.HardCase083,A3,0.875,high
HardSynthetic.HardCase085,A3,0.875,medium
HardSynthetic.HardCase087,A3,0.875,medium
HardSynthetic.HardCase086,A3,0.875,high
HardSynthetic.HardCase088,A3,1.0,low
HardSynthetic.HardCase092,A3,0.0,high
HardSynthetic.HardCase089,A3,0.875,low
HardSynthetic.HardCase122,A2,0.9583333333333334,low
HardSynthetic.HardCase091,A3,0.9583333333333334,low
HardSynthetic.HardCase094,A3,0.9583333333333334,low
HardSynthetic.HardCase095,A3,0.875,high
HardSynthetic.HardCase070,A3,0.8571428571428571,high
HardSynthetic.HardCase097,A3,0.875,high
HardSynthetic.HardCase101,A3,0.8571428571428571,high
HardSynthetic.HardCase078,A3,0.875,low
HardSynthetic.HardCase079,A3,0.875,medium
HardSynthetic.HardCase098,A3,0.9583333333333334,low
HardSynthetic.HardCase099,A3,0.875,high
HardSynthetic.HardCase100,A3,0.875,high
HardSynthetic.HardCase060,A3,0.875,medium
HardSynthetic.HardCase105,A3,0.8571428571428571,high
HardSynthetic.HardCase106,A3,0.9583333333333334,low
HardSynthetic.HardCase108,A3,0.875,high
HardSynthetic.HardCase109,A3,0.875,medium
HardSynthetic.HardCase107,A3,0.75,low
HardSynthetic.HardCase113,A3,0.0,high
HardSynthetic.HardCase110,A3,0.875,medium
HardSynthetic.HardCase111,A3,0.9583333333333334,low
HardSynthetic.HardCase112,A3,0.875,high
HardSynthetic.HardCase115,A3,0.875,low
HardSynthetic.HardCase116,A3,0.875,high
HardSynthetic.HardCase118,A3,0.9583333333333334,low
HardSynthetic.HardCase096,A3,0.875,medium
HardSynthetic.HardCase122,A3,0.9583333333333334,low
HardSynthetic.HardCase121,A3,0.875,high
HardSynthetic.HardCase120,A3,0.875,low
HardSynthetic.HardCase123,A3,0.875,medium
HardSynthetic.HardCase124,A3,0.875,low
HardSynthetic.HardCase125,A3,0.8571428571428571,low
HardSynthetic.HardCase103,A3,0.875,low
HardSynthetic.HardCase084,A3,0.875,medium
HardSynthetic.HardCase104,A3,0.875,medium
HardSynthetic.HardCase090,A3,0.875,medium
HardSynthetic.HardCase117,A3,0.875,high
